{"initial_reset_timestamp": 1584748003.440537, "timestamps": [1584748004.3687966], "episode_lengths": [10], "episode_rewards": [10.0], "episode_types": ["t"]}