{"initial_reset_timestamp": 1584750839.6663442, "timestamps": [1584750840.584052], "episode_lengths": [10], "episode_rewards": [10.0], "episode_types": ["t"]}